month,variable,unit,n,mean,sd,min,p01,p05,median,p95,p99,max
1,ppt_total,mm,6216,77.97609213895186,68.654647051985,0.1292200437925906,2.9039494142353215,8.098294908795681,64.91668297477673,189.22727107150234,314.8559107140538,908.5947201737282
1,tmean_mean,,6216,2.1805691080134526,5.945980006815389,-13.392206686959266,-10.707458018369747,-7.321284892168746,1.890674917377356,11.980347559805084,15.875774235960543,21.049086929585037
1,tmin_mean,,6216,-2.7015093281266327,5.513861692272058,-18.213967202154706,-15.349716636380164,-11.886468978016552,-2.640857328841556,6.0796741235286715,10.152395445432905,16.960457506802523
1,tmax_mean,,6216,7.063052799456708,6.570269693570332,-9.027427488466843,-6.311859284529541,-2.9135041987571224,6.690202103081367,17.891625747717022,22.081561694695566,25.884576663178528
1,tdmean_mean,,6216,-2.131976712227942,5.44810420807194,-15.84583005254009,-13.664202421776412,-10.256566857200722,-2.5426588512920416,7.451223112767366,11.41919432055607,16.22616269750658
1,vpdmin_mean,,6216,0.4878364082982158,0.3014038282091912,0.0766477807464091,0.14576416906767276,0.18663045427848524,0.4270773718893822,0.9861298865095569,1.596791266346095,3.713821311753165
1,vpdmax_mean,,6216,5.210063012699896,3.181439997139115,0.6504974384003142,0.9559626043710447,1.3604560010467557,4.615358010373461,11.488152101415508,14.820377502265455,19.14951925178951
1,days_below_freezing,,6216,21.591216216216218,9.818155809133527,0.0,0.0,2.0,25.0,31.0,31.0,31.0
1,freeze_thaw_days,days,6216,15.976994851994853,7.761755263659253,0.0,0.0,2.0,17.0,27.0,30.0,31.0
1,days_precip_gt_10mm,,6216,2.390926640926641,2.4287778631847794,0.0,0.0,0.0,2.0,6.0,9.0,26.0
1,heating_degree_days,degree-days,6216,502.06708752625946,181.65779040788348,8.633675170821082,101.89823196238503,205.40353741272597,509.72241089463523,795.2931649905644,900.2645319027963,983.4917406290706
1,cooling_degree_days,degree-days,6216,1.3313965413432014,5.664848019606802,0.0,0.0,0.0,0.0,8.504149647907361,26.894806698716796,98.46693110212978
1,mean_temp_c,°C,6216,2.1805691080134526,5.945980006815389,-13.392206686959268,-10.707458018369747,-7.321284892168746,1.890674917377356,11.980347559805084,15.875774235960543,21.049086929585037
1,tmean_variance_c2,,6216,17.416484835145102,9.93342907063125,2.78400849019513,4.196540961270594,6.1443590862768565,15.984972597144123,32.97564745579263,54.68862735219297,105.13711983101096
2,ppt_total,mm,6216,84.42280368526731,76.17312444877767,0.0,0.8821673024019713,3.4626856789247995,67.58594261923326,229.0733362763754,322.4914714846363,451.0716955535722
2,tmean_mean,,6216,0.8962073478593098,7.271835122038021,-18.956128301610708,-14.682475242772396,-11.464773164121079,1.0482983897083167,12.20086797454293,17.028839348022853,23.387112516830257
2,tmin_mean,,6216,-4.60195242788947,7.160677696353042,-25.040311727840923,-20.61739483701539,-17.000368784960344,-4.213964416162367,6.19811896349572,10.909882590988458,19.804314392606905
2,tmax_mean,,6216,6.390865661211205,7.517914467461545,-13.218669080828036,-9.134797703491024,-5.918298208735112,6.349066820553276,18.333718720354668,23.254028202700027,27.843816645278363
2,tdmean_mean,,6216,-3.82475709771442,6.985604561824442,-21.303369650659757,-18.274060004603445,-14.95978765581946,-4.044447660233281,8.025268312951583,12.672127078656098,19.64404507580093
2,vpdmin_mean,,6216,0.5039594022859468,0.3802482711890763,0.0889135883991,0.15137157399374251,0.19760169760576327,0.4149641279460605,1.0595922642503148,2.272107977970518,5.218537269954006
2,vpdmax_mean,,6216,5.7880167610461895,3.3244733085663003,0.8291975687088005,1.1968483581748364,1.8205443839391928,5.126715135620693,12.05644121039284,16.154161052005385,23.491131506350733
2,days_below_freezing,,6216,20.014478764478763,8.671521498697029,0.0,0.0,3.0,23.0,29.0,29.0,29.0
2,freeze_thaw_days,days,6216,12.827380952380953,6.110800216494222,0.0,0.0,3.0,12.0,23.0,26.0,28.0
2,days_precip_gt_10mm,,6216,2.5805984555984556,2.6320513513168113,0.0,0.0,0.0,2.0,7.0,9.0,16.0
2,heating_degree_days,degree-days,6216,498.05971961133986,200.9644641604138,9.2860840041872,79.35248840899295,183.89725060179427,492.8235958057653,838.7809599501459,926.3286856992393,1044.1049257784332
2,cooling_degree_days,degree-days,6216,2.005644335952519,9.122035305414201,0.0,0.0,0.0,0.0,10.946420041934115,48.004620628390455,150.79190114210112
2,mean_temp_c,°C,6216,0.8962073478593096,7.271835122038021,-18.956128301610708,-14.682475242772396,-11.464773164121079,1.0482983897083167,12.20086797454293,17.028839348022853,23.387112516830257
2,tmean_variance_c2,,6216,37.82510033160451,27.334843213962227,0.8647028818389221,3.641390892385058,9.90018112833593,26.586078534205654,95.26832861364048,111.39536427489259,142.39583382726758
3,ppt_total,mm,6216,95.26922979420391,62.41303096780274,0.0,2.1905114372254966,10.573559478082979,83.19609631584973,219.3440204322463,274.3849816117182,341.9222835743804
3,tmean_mean,,6216,8.834251392486797,5.769116493454747,-5.603899858585143,-2.7046691821016045,-0.05529686144767418,8.680341002070236,18.95125734073568,21.578449770061567,24.542261259142673
3,tmin_mean,,6216,2.7262674658669317,5.839815579954264,-12.892129454096906,-9.007049539601166,-6.243475089881917,2.4011893567082243,13.16828825829106,16.3547755238928,20.16257912273412
3,tmax_mean,,6216,14.928623785767728,5.873048627163854,-0.0041773134622379,3.2138716364207287,5.582749186232206,15.011423116938934,24.712153366053542,27.635178959352285,31.10507572362405
3,tdmean_mean,,6216,2.460343486437917,6.224088790044218,-14.004037098440577,-9.42266475535255,-6.755710263894887,1.7821323912388045,13.808927481225947,16.635911665674982,18.502226545144737
3,vpdmin_mean,,6216,0.8281410556468738,0.44320523494563074,0.1563668245979691,0.26242246157086174,0.36068592222045714,0.7383984576597002,1.5151536137572443,2.499189525919732,5.708143411347864
3,vpdmax_mean,,6216,10.471750790647103,4.052589099506868,1.7540202092035695,3.543224392406569,4.660926600563971,10.143011078187824,17.471375090332817,22.47407578790382,29.79098686356997
3,days_below_freezing,,6216,12.112290862290862,10.469982538135053,0.0,0.0,0.0,10.0,30.0,31.0,31.0
3,freeze_thaw_days,days,6216,11.456563706563706,9.644562302737606,0.0,0.0,0.0,10.0,28.0,30.0,31.0
3,days_precip_gt_10mm,,6216,3.1184041184041185,2.324269608848895,0.0,0.0,0.0,3.0,7.0,9.0,12.0
3,heating_degree_days,degree-days,6216,305.0783407011519,162.6049186030279,0.0,13.90542796937778,46.63314624731137,300.14196885623494,570.0475360382112,652.1780779784832,742.0542289494728
3,cooling_degree_days,degree-days,6216,10.606800534909311,24.01993358218724,0.0,0.0,0.0,0.0,66.37702125038145,115.12671769882797,197.22542392355845
3,mean_temp_c,°C,6216,8.834251392486797,5.769116493454747,-5.603899858585143,-2.7046691821016045,-0.05529686144767418,8.680341002070236,18.95125734073568,21.578449770061567,24.54226125914267
3,tmean_variance_c2,,6216,18.367519828565104,7.174856262201794,1.5858387101148117,3.9733694444369947,7.634459543704432,18.083790168000693,29.14550157095863,43.38313960303665,67.46340856485412
4,ppt_total,mm,6216,84.80013100867657,60.299294289274705,0.0,1.9210511477356556,8.690846501667982,72.26416278250375,193.78906426602182,266.26396774921835,388.4307251514955
4,tmean_mean,,6216,11.539170056628477,4.773087787389809,-1.069201729261832,1.7449603426234,3.8091606795137176,11.384906135972699,19.356563391121853,22.77867601041979,26.908080021049273
4,tmin_mean,,6216,4.922867847268032,4.887099909054241,-8.01387664211609,-5.1222965940256255,-2.9610013577879974,4.861517725966577,12.983144544506269,17.232921040868035,22.93730444344353
4,tmax_mean,,6216,18.117836189942857,4.8720096299567235,5.051044538247343,7.8324735869572075,10.094136726496926,18.020904220214312,25.75444655903519,28.90692135539487,31.76850873180343
4,tdmean_mean,,6216,3.7510752551390563,5.667422546150623,-13.80025603193389,-9.087614222938154,-5.587911400454533,3.8242339901757627,13.382644077288095,17.065509145685464,21.125499097069643
4,vpdmin_mean,,6216,1.111318009988092,0.7540425137028622,0.1449861157013892,0.35636439632818545,0.4703662506125976,0.9625602737084846,2.2059550658440408,4.391459436047254,10.702104790084515
4,vpdmax_mean,,6216,14.010125889487812,4.395910660818609,4.595836629186015,6.464390864177935,7.8970764556771815,13.52590844096111,21.329772028599628,28.089342409390472,42.12032170051928
4,days_below_freezing,,6216,7.066602316602316,7.341770713316165,0.0,0.0,0.0,5.0,22.0,27.0,30.0
4,freeze_thaw_days,days,6216,6.745978120978121,6.828220974888156,0.0,0.0,0.0,5.0,21.0,26.0,29.0
4,days_precip_gt_10mm,,6216,2.518018018018018,1.9328211463001936,0.0,0.0,0.0,2.0,6.0,7.0,10.0
4,heating_degree_days,degree-days,6216,217.6861030202639,125.11092381770453,0.0,4.5747327481373175,28.89874300599182,213.21317976865072,435.72517961458846,497.6511897212982,582.0760518778549
4,cooling_degree_days,degree-days,6216,13.861204719118286,26.163519218754715,0.0,0.0,0.0,4.285404441839301,60.64672570804181,137.17188740964144,257.2424006314782
4,mean_temp_c,°C,6216,11.539170056628477,4.773087787389809,-1.069201729261832,1.7449603426234,3.8091606795137176,11.384906135972699,19.356563391121853,22.77867601041979,26.908080021049273
4,tmean_variance_c2,,6216,22.662173717745368,10.842306344022461,2.297470872365013,6.10609815134592,9.036359896098345,20.403218230352763,43.8224213839785,58.44252521382691,67.92123127575086
5,ppt_total,mm,6216,104.3831873854084,63.43990587931597,0.0,1.0420445760054204,17.365886150173793,96.64069504950089,221.8486072678317,314.04880913583287,530.6702341470033
5,tmean_mean,,6216,16.623988377769106,4.023367569823751,3.7276057181021978,7.573569184539084,10.524295014352356,16.305129470864166,23.428606845791037,25.49951562955834,27.9341101738684
5,tmin_mean,,6216,10.547069649728066,4.277814648893506,-2.612368860525022,0.48215914913611585,3.5514429601118724,10.539963340790642,17.500529807731056,20.43670047731008,22.94243379802219
5,tmax_mean,,6216,22.671775915849153,4.02055404786013,10.209065013797945,14.342287434571062,16.97817509051151,21.948062881824804,29.639166315661193,32.04137482979124,36.611670659246435
5,tdmean_mean,,6216,9.503871225934372,5.387783859059295,-9.62585543382485,-5.552920084118457,-0.6022057636767821,9.961645246148716,17.570373738994043,20.09569030327342,22.4580578251575
5,vpdmin_mean,,6216,1.2876196343853998,1.1484339075440926,0.1803197151338778,0.32814960182782704,0.4934733574326305,1.032868885003258,2.9002316436618467,6.750633290456642,14.879123511640314
5,vpdmax_mean,,6216,16.476055179712734,5.413342028406867,6.549255154214183,9.94136863258578,11.268125009591543,14.980568587701677,26.208075081110202,38.757564262464655,57.55971985788699
5,days_below_freezing,,6216,1.5408622908622909,3.1755203291619014,0.0,0.0,0.0,0.0,9.0,14.850000000000364,28.0
5,freeze_thaw_days,days,6216,1.5378056628056629,3.1632217674387766,0.0,0.0,0.0,0.0,9.0,14.0,28.0
5,days_precip_gt_10mm,,6216,3.3508687258687258,2.2512267258853242,0.0,0.0,0.0,3.0,8.0,10.0,13.0
5,heating_degree_days,degree-days,6216,105.78255313532972,80.57581827397266,0.0,0.0,1.495945451212246,98.35217128521629,247.49777855231875,333.7291296241196,452.7775560721652
5,cooling_degree_days,degree-days,6216,52.792859512838675,51.29813914266193,0.0,0.0,0.4024801999989442,36.65667376609673,160.11149802944374,222.1516511829752,297.6240820565872
5,mean_temp_c,°C,6216,16.623988377769106,4.023367569823751,3.7276057181021978,7.573569184539084,10.524295014352356,16.30512947086417,23.428606845791037,25.499515629558335,27.9341101738684
5,tmean_variance_c2,,6216,20.717005517070497,9.811571995847329,0.9750618630320173,3.5356086455021836,6.264266899518742,20.21816744560504,37.9856350308314,46.20732530566773,53.869481815247774
6,ppt_total,mm,6216,107.75518364831277,65.04534478819079,0.0,0.5650938281168286,13.592938853494935,100.15424057416703,226.25644750095108,306.93168423775154,489.6626336886409
6,tmean_mean,,6216,22.83688048036481,3.232552155343613,8.813421149866837,12.435048047563258,16.593239508204135,23.34988720423771,27.050529498933393,28.146000351072626,32.50928140727866
6,tmin_mean,,6216,16.753206127437764,3.8573750615200533,1.988906621981006,5.179497073028625,9.267763038899455,17.450534989649185,21.87929302614103,23.462477480272018,25.799591870101448
6,tmax_mean,,6216,28.92080079523522,2.9903488805335368,15.094891668752764,19.075261985809792,23.61903616883845,29.24171049067894,32.97051808314541,35.07384247492758,40.714902865828854
6,tdmean_mean,,6216,15.461204984932536,5.436493426895012,-5.488199007396288,-1.9964701721437217,3.30798990423304,16.651393500183637,21.869607713199688,23.100152679628344,24.43203355493601
6,vpdmin_mean,,6216,1.959669320320256,1.8402164943092023,0.0675847303705171,0.3267272845839188,0.5033241048214757,1.4682272503702933,5.1132806513326265,10.004034169878263,21.295060982123083
6,vpdmax_mean,,6216,22.907363017397493,6.9112369815756685,6.356236940952052,12.621542529713583,15.640824167348123,21.082201065325805,37.428169006200896,46.511302671621856,70.81786678685582
6,days_below_freezing,,6216,0.05936293436293436,0.44470516455529546,0.0,0.0,0.0,0.0,0.0,2.0,10.0
6,freeze_thaw_days,days,6216,0.05936293436293436,0.44470516455529546,0.0,0.0,0.0,0.0,0.0,2.0,10.0
6,days_precip_gt_10mm,,6216,3.46509009009009,2.281423972400186,0.0,0.0,0.0,3.0,7.0,9.850000000000364,13.0
6,heating_degree_days,degree-days,6216,15.102715938583714,33.060516855550674,0.0,0.0,0.0,2.3045551241665656,80.25559834309568,179.97747678084897,285.59736550399487
6,cooling_degree_days,degree-days,6216,150.2091303495281,71.84585645107758,0.0,0.23114767595584987,25.28877019410884,153.62098474737874,261.51588496800184,294.3800105321789,425.27844221835977
6,mean_temp_c,°C,6216,22.83688048036481,3.232552155343613,8.813421149866837,12.435048047563258,16.593239508204135,23.34988720423771,27.050529498933393,28.146000351072626,32.50928140727866
6,tmean_variance_c2,,6216,9.059734367896283,5.815295286722472,0.5302864208187514,1.0894078175444333,2.0366500062078985,8.449999182869774,17.991678775001333,32.44121520785609,52.15131195898575
7,ppt_total,mm,6216,114.11090507146528,65.32837017564994,0.0,0.060343004066554976,7.313116397574156,109.78360700616318,229.96443986476768,289.31930413112644,484.9120525940755
7,tmean_mean,,6216,24.63447239710491,2.944242967640133,11.957705807012807,16.198237620240114,19.316793956152363,24.92520917054221,28.508376955017027,30.175955633184966,34.733628622685515
7,tmin_mean,,6216,18.684014453532313,3.5818693085369677,4.2186579826737685,8.194164134556214,11.859202598838577,19.10019247763929,23.426353410917656,24.814607911514358,28.40107010530425
7,tmax_mean,,6216,30.585051325200414,2.753236760854537,17.388067324207707,22.681840412076504,25.723083170403743,30.901134115971225,34.28414485044227,37.16835182221474,42.87491255986604
7,tdmean_mean,,6216,18.14799182176077,5.050035496662498,-4.151901749689305,1.7041177365541373,6.083723786370749,19.52339296270007,23.4736901978766,24.07821698653547,25.39587524198384
7,vpdmin_mean,,6216,1.67125578297559,2.016533629570854,0.0047851714580819,0.21577703764471132,0.3654691355617683,1.0396719663827771,5.8470938666653725,10.086092194750854,23.01460053216409
7,vpdmax_mean,,6216,23.53071088117364,7.718456134013116,4.373081833188308,12.180188964995445,15.283386460537681,21.55128048751456,40.28737407456346,49.566199707702644,75.27810337423925
7,days_below_freezing,,6216,0.00048262548262548264,0.021965203680723282,0.0,0.0,0.0,0.0,0.0,0.0,1.0
7,freeze_thaw_days,days,6216,0.00048262548262548264,0.021965203680723282,0.0,0.0,0.0,0.0,0.0,0.0,1.0
7,days_precip_gt_10mm,,6216,3.7245817245817245,2.5202154166213675,0.0,0.0,0.0,4.0,8.0,11.0,15.0
7,heating_degree_days,degree-days,6216,3.7202594176020405,14.187106314922438,0.0,0.0,0.0,0.0,20.99189545846355,77.08930657376577,197.64445331593623
7,cooling_degree_days,degree-days,6216,199.05557039452106,83.21873969817761,0.0,4.038394138485718,49.29090032363763,204.43970825113902,315.42635227219455,367.12129129540074,508.4091539699178
7,mean_temp_c,°C,6216,24.63447239710491,2.944242967640133,11.957705807012807,16.198237620240114,19.31679395615236,24.92520917054221,28.508376955017027,30.175955633184966,34.733628622685515
7,tmean_variance_c2,,6216,4.040654165697499,2.582961497309285,0.3556140389520319,0.6616063965654378,0.9731936276668345,3.5781916109487084,8.895869919063315,12.463806324155529,19.785108261018635
8,ppt_total,mm,6216,110.58382837226608,76.7521415032646,0.0,0.33944962476852203,6.4638597232903034,100.27210303322057,248.2911552291898,333.6899977420029,516.9605701252466
8,tmean_mean,,6216,24.031720442621175,3.10729406108528,11.054998690632043,16.00182510766407,18.665978883407828,24.109772288332174,28.576076735024543,29.941927999187627,35.75304592802812
8,tmin_mean,,6216,17.95135966509348,3.798969437236299,3.6831614830557102,7.56502762326232,11.042221809585662,18.271966324662763,23.205553605661137,24.55867566500542,27.909091224709695
8,tmax_mean,,6216,30.112201865033743,2.8844755613598543,18.018115805677287,22.976529033672485,25.439184385324108,30.024713072144767,34.59387561658514,37.258013756061175,43.597101197810304
8,tdmean_mean,,6216,17.3996670288068,5.407136938287307,-3.2027265368798776,0.0023353389606499686,4.662371480555697,18.685512677464935,23.257141031574914,24.018166601128787,24.987102289125612
8,vpdmin_mean,,6216,1.7174330261360584,2.0692780675041784,0.0092019156412599,0.1258185132430005,0.2895035870779399,1.015351899819676,5.775921561621615,10.529359038506124,22.07095702820131
8,vpdmax_mean,,6216,23.150889075307198,8.132145940772784,6.240007085707999,12.856917941986804,14.846209840305896,20.524724618431893,40.2735630312734,50.55249065929116,76.64623446224918
8,days_below_freezing,,6216,0.0016087516087516086,0.04008019411634955,0.0,0.0,0.0,0.0,0.0,0.0,1.0
8,freeze_thaw_days,days,6216,0.0016087516087516086,0.04008019411634955,0.0,0.0,0.0,0.0,0.0,0.0,1.0
8,days_precip_gt_10mm,,6216,3.447876447876448,2.5217034419720603,0.0,0.0,0.0,3.0,8.0,10.0,15.0
8,heating_degree_days,degree-days,6216,6.157516509752615,17.719198646191288,0.0,0.0,0.0,0.0,36.15832314397218,94.98734680617706,225.62837392373987
8,cooling_degree_days,degree-days,6216,182.80751689767587,85.49351496012862,0.0,7.823774660686671,45.11084852104976,179.1599719019623,317.5250454524275,359.8664346414831,540.0110904355386
8,mean_temp_c,°C,6216,24.031720442621175,3.10729406108528,11.054998690632043,16.00182510766407,18.665978883407828,24.109772288332174,28.576076735024543,29.941927999187627,35.75304592802812
8,tmean_variance_c2,,6216,5.548900557408316,3.746819711618682,0.22737460805157,0.6376114140828328,1.1908102950687378,4.97821753713556,12.083567402403013,19.1220951020056,29.60803105795165
9,ppt_total,mm,6216,85.80676006305679,62.85510801662868,0.0,0.21406060646126562,9.484154214072287,74.09718774495013,206.6760443646696,276.5486957684239,483.86146587178246
9,tmean_mean,,6216,19.7943828694823,3.6366277463039056,7.570784987189879,11.73350394391023,13.79830157778056,19.798576567145474,25.543496285561304,27.42295054505555,31.21681095961199
9,tmin_mean,,6216,13.349240364750246,4.278704186037698,-0.7268139510195546,3.360104053970797,6.0661373198535635,13.520840297889805,20.128323407764853,22.65333679046023,26.122632491870345
9,tmax_mean,,6216,26.239646096676303,3.432445836264681,15.343564949683572,18.39086028085503,20.534173869232546,26.247968147812564,32.08097130310196,33.96882531365328,39.93166603338437
9,tdmean_mean,,6216,13.10860477399798,5.690982274713527,-7.562599362857176,-3.7007813302222554,0.44456044410009343,14.157156993383357,20.358987287490862,22.444228688136345,24.425395339700135
9,vpdmin_mean,,6216,1.3956710648898976,1.5254836398469407,0.0475786077843703,0.15092305645443632,0.2901404337861295,0.8925231481969644,4.221155248683495,7.259564416776336,17.84061973832501
9,vpdmax_mean,,6216,19.40221013345336,6.71051020284292,6.0717144173108215,9.702052976607124,11.544082044587473,17.68848855234848,33.42507137488236,39.17883216088282,65.44309648197171
9,days_below_freezing,,6216,0.3124195624195624,1.1696951910084334,0.0,0.0,0.0,0.0,3.0,6.0,16.0
9,freeze_thaw_days,days,6216,0.3108108108108108,1.161289925120859,0.0,0.0,0.0,0.0,3.0,6.0,16.0
9,days_precip_gt_10mm,,6216,2.5530888030888033,1.8792374780187138,0.0,0.0,0.0,2.0,6.0,8.0,12.0
9,heating_degree_days,degree-days,6216,42.55357262728893,47.36853299433943,0.0,0.0,0.0,25.289328425655086,140.5923447370957,198.09106894623702,322.8764503843036
9,cooling_degree_days,degree-days,6216,86.38505871175788,69.09312434781869,0.0,0.0,3.2612496209488864,70.28112788247736,216.3048885668392,272.6885163516665,386.5043287883599
9,mean_temp_c,°C,6216,19.7943828694823,3.6366277463039056,7.570784987189879,11.73350394391023,13.79830157778056,19.798576567145474,25.543496285561304,27.42295054505555,31.21681095961199
9,tmean_variance_c2,,6216,12.699717033108259,5.532184341421823,0.3895064145597703,2.3435516708716255,5.605937186201909,11.843901973141111,22.448487951682964,31.28126384527405,39.03472327189987
10,ppt_total,mm,6216,90.90653851236488,56.875952367643706,0.0,0.265468820124383,8.012593442799764,86.90386991612792,187.22726642939398,239.80561545935126,446.8345093731329
10,tmean_mean,,6216,14.05518053353555,5.063830948557729,0.7177180644637924,2.7214614020648433,4.983658737029772,14.370260882806384,21.818323403436313,24.906468830900373,28.031606454226832
10,tmin_mean,,6216,7.929038350550732,5.25651689565766,-5.534512387636232,-3.358931651754498,-1.4318370842606651,8.481142880065583,15.890628024869908,19.8394798481512,25.30035733312226
10,tmax_mean,,6216,20.181435171067577,5.169387105855751,5.676412292698426,7.9148111045410605,10.832662433936138,20.282446042473378,28.124301434764647,30.390855337661176,34.47237621235435
10,tdmean_mean,,6216,8.149573099392617,6.387353620119934,-12.304445762828545,-8.13709094192125,-3.1359891766082146,9.32566686256429,16.713158118315924,20.048420305872803,24.023847581085516
10,vpdmin_mean,,6216,0.9497157543340837,1.0689558334811071,0.0396385519876261,0.11741257513507519,0.2093205739881716,0.6323644453119723,2.8121616972092838,5.769885973504781,13.122742891468071
10,vpdmax_mean,,6216,13.642928028280965,5.448071611860454,3.860068604750369,5.624847179011226,7.148634962246181,12.43862817908327,24.805157791036066,31.85481384265347,51.18008337165927
10,days_below_freezing,,6216,3.8743564993564994,5.981506393297992,0.0,0.0,0.0,0.0,18.0,22.0,31.0
10,freeze_thaw_days,days,6216,3.436936936936937,5.134103151440828,0.0,0.0,0.0,0.0,15.0,19.0,29.0
10,days_precip_gt_10mm,,6216,2.820945945945946,1.977333863976433,0.0,0.0,0.0,3.0,6.0,8.0,13.0
10,heating_degree_days,degree-days,6216,164.65623094978224,123.86487303530356,0.0,0.000634741646311974,14.822848040070806,136.5845594609206,413.83991248541037,483.96802986932323,546.0840733349557
10,cooling_degree_days,degree-days,6216,32.03349415605098,44.54639217226391,0.0,0.0,0.0,14.102033343636686,124.64911892926503,205.24762521504758,300.64646674769847
10,mean_temp_c,°C,6216,14.05518053353555,5.063830948557729,0.7177180644637924,2.7214614020648433,4.983658737029772,14.370260882806384,21.81832340343631,24.906468830900373,28.03160645422683
10,tmean_variance_c2,,6216,24.004208562697183,15.412014098379572,0.7858169003008136,4.2592687696828495,9.398601767167126,18.807497947553436,58.49661888054334,75.72363439397354,88.8989800301633
11,ppt_total,mm,6216,52.32881952974918,52.16803414301842,0.0,0.15971515170963507,2.3433698893864965,42.52296656719251,137.87937365483714,237.1865220785876,704.308868855665
11,tmean_mean,,6216,8.063539028354464,4.846467606789169,-4.80728507970777,-1.662269018967236,0.7312265719313022,7.748707213519214,16.60103499303597,20.08123422673234,25.22142082569279
11,tmin_mean,,6216,1.6142314573070033,4.6175688247261935,-11.650202437892688,-7.3725337987214274,-4.999842039044568,1.3047604536611739,10.047980701624141,14.512808703704454,22.48209942741079
11,tmax_mean,,6216,14.512936259724508,5.358441098549034,1.0695515407763565,3.4070130324985226,5.8924706770679,14.570936096641317,23.188404007557327,26.287910710748132,29.073750010215395
11,tdmean_mean,,6216,1.6908342228235238,5.23623989896514,-13.40516729957491,-9.325341653659082,-6.199454049330557,1.2169770600287033,11.147230519558004,15.43680195486112,21.160787610943917
11,vpdmin_mean,,6216,0.832660504530317,0.6278911038021536,0.0945617901573739,0.21945943949649405,0.29847988298432604,0.6866040542471392,1.839127754870005,3.3701900024643963,7.589649019207041
11,vpdmax_mean,,6216,10.265817677953175,3.9080884902691637,1.83058753835721,3.0913237106146987,4.5668783770857875,10.132140994910491,17.191591392297436,21.347223589260174,32.952348134228686
11,days_below_freezing,,6216,12.842020592020592,8.759749095667349,0.0,0.0,0.0,13.0,26.0,29.0,30.0
11,freeze_thaw_days,days,6216,12.07480694980695,7.897963675031828,0.0,0.0,0.0,13.0,23.0,26.0,30.0
11,days_precip_gt_10mm,,6216,1.6396396396396395,1.8641208511019127,0.0,0.0,0.0,1.0,4.0,8.0,22.0
11,heating_degree_days,degree-days,6216,313.00049048480787,136.37696147223699,0.0,19.4420264724587,80.11952263261097,318.01521761680306,528.0632028420608,599.868070569017,694.2185523912331
11,cooling_degree_days,degree-days,6216,4.906661335441831,15.594976623807204,0.0,0.0,0.0,0.0,29.39513181156707,75.74784296110204,206.64262477078367
11,mean_temp_c,°C,6216,8.063539028354464,4.846467606789169,-4.80728507970777,-1.662269018967236,0.7312265719313022,7.748707213519214,16.60103499303597,20.08123422673234,25.22142082569279
11,tmean_variance_c2,,6216,20.87118481897335,9.253975665606664,1.4820585887313218,5.478197795818741,9.848451579942132,18.798434847872663,39.05041540549186,51.18899174215242,59.79104527733087
12,ppt_total,mm,6216,72.60605813921046,58.459023373008485,0.0258924683207987,0.7666624451863862,5.0035782131556985,61.98326997695876,166.74891612030297,279.3330380345133,519.4976592518176
12,tmean_mean,,6216,4.228470695710002,6.490914813650012,-14.473974702770038,-9.904728180779081,-5.86705297406136,3.811709111303892,15.702465465583103,19.302080991077684,23.85208209593942
12,tmin_mean,,6216,-1.4650363743548729,6.213031686945898,-20.66174716557353,-15.333761407583216,-11.061690315414598,-1.7368524132327905,9.78992820604024,14.043462707297309,20.165605387476255
12,tmax_mean,,6216,9.921967096073695,7.040580644024978,-8.86596286208976,-4.753912794222631,-0.8892600958708768,9.548195858090043,21.90673156187244,24.327060080645843,28.20689040577967
12,tdmean_mean,,6216,-0.753844887729833,6.7224600938651955,-17.458932279224175,-14.154656080053735,-10.841238653585183,-1.4349542275157448,11.955745160589233,15.576597372821256,19.891415677563504
12,vpdmin_mean,,6216,0.5981906238495313,0.4547544494498396,0.1029760610303286,0.1689079931267079,0.2162043420574158,0.4750240314550467,1.4073791121827288,2.651147453885741,4.500670271744457
12,vpdmax_mean,,6216,6.897915002020822,3.838490400465979,0.9298121125801372,1.5001515783231518,2.1460216779513135,6.437187486848215,14.265792848756254,19.68148049874347,24.457920655401633
12,days_below_freezing,,6216,19.39752252252252,10.140800568894589,0.0,0.0,0.0,22.0,31.0,31.0,31.0
12,freeze_thaw_days,days,6216,15.298745173745173,7.581938887834061,0.0,0.0,0.0,16.0,26.0,30.0,31.0
12,days_precip_gt_10mm,,6216,2.324324324324324,2.215507480684498,0.0,0.0,0.0,2.0,6.0,9.0,19.0
12,heating_degree_days,degree-days,6216,441.03206537811144,193.9807245399335,0.0,44.73881722849298,112.5421676290891,450.17035088291266,750.2119755292355,875.3799069374853,1017.0265491192044
12,cooling_degree_days,degree-days,6216,3.781323611788194,13.590602471953932,0.0,0.0,0.0,0.0,28.481244079094985,75.21695893591236,171.08121164078872
12,mean_temp_c,°C,6216,4.228470695710002,6.490914813650012,-14.473974702770038,-9.904728180779081,-5.86705297406136,3.811709111303892,15.702465465583103,19.302080991077684,23.85208209593942
12,tmean_variance_c2,,6216,22.27110333968284,11.038204162290103,2.0671853371346347,4.377698948530242,9.027949337592052,20.25736301315363,37.35239146883967,74.63737275032608,102.40926358253417
